<PAMDataset>
  <Metadata>
    <MDI key="DataType">Generic</MDI>
  </Metadata>
  <Metadata domain="Esri">
    <MDI key="PyramidResamplingType">NEAREST</MDI>
  </Metadata>
  <PAMRasterBand band="1">
    <Histograms>
      <HistItem>
        <HistMin>-0.5</HistMin>
        <HistMax>19.5</HistMax>
        <BucketCount>20</BucketCount>
        <IncludeOutOfRange>1</IncludeOutOfRange>
        <Approximate>0</Approximate>
        <HistCounts>0|9|24|15|4|3|4|38|44|74|29|4|0|20|0|3|1|6|0|2</HistCounts>
      </HistItem>
    </Histograms>
    <GDALRasterAttributeTable>
      <FieldDefn index="0">
        <Name>Rowid</Name>
        <Type>0</Type>
        <Usage>0</Usage>
      </FieldDefn>
      <FieldDefn index="1">
        <Name>VALUE</Name>
        <Type>0</Type>
        <Usage>0</Usage>
      </FieldDefn>
      <FieldDefn index="2">
        <Name>COUNT</Name>
        <Type>0</Type>
        <Usage>0</Usage>
      </FieldDefn>
      <Row index="0">
        <F>0</F>
        <F>1</F>
        <F>9</F>
      </Row>
      <Row index="1">
        <F>1</F>
        <F>2</F>
        <F>24</F>
      </Row>
      <Row index="2">
        <F>2</F>
        <F>3</F>
        <F>15</F>
      </Row>
      <Row index="3">
        <F>3</F>
        <F>4</F>
        <F>4</F>
      </Row>
      <Row index="4">
        <F>4</F>
        <F>5</F>
        <F>3</F>
      </Row>
      <Row index="5">
        <F>5</F>
        <F>6</F>
        <F>4</F>
      </Row>
      <Row index="6">
        <F>6</F>
        <F>7</F>
        <F>38</F>
      </Row>
      <Row index="7">
        <F>7</F>
        <F>8</F>
        <F>44</F>
      </Row>
      <Row index="8">
        <F>8</F>
        <F>9</F>
        <F>74</F>
      </Row>
      <Row index="9">
        <F>9</F>
        <F>10</F>
        <F>29</F>
      </Row>
      <Row index="10">
        <F>10</F>
        <F>11</F>
        <F>4</F>
      </Row>
      <Row index="11">
        <F>11</F>
        <F>13</F>
        <F>20</F>
      </Row>
      <Row index="12">
        <F>12</F>
        <F>15</F>
        <F>3</F>
      </Row>
      <Row index="13">
        <F>13</F>
        <F>16</F>
        <F>1</F>
      </Row>
      <Row index="14">
        <F>14</F>
        <F>17</F>
        <F>6</F>
      </Row>
      <Row index="15">
        <F>15</F>
        <F>19</F>
        <F>2</F>
      </Row>
    </GDALRasterAttributeTable>
    <Metadata>
      <MDI key="STATISTICS_MINIMUM">1</MDI>
      <MDI key="STATISTICS_MAXIMUM">19</MDI>
      <MDI key="STATISTICS_MEAN">7.9857142857143</MDI>
      <MDI key="STATISTICS_STDDEV">3.5367719406782</MDI>
      <MDI key="STATISTICS_COVARIANCES">12.5087557603687</MDI>
    </Metadata>
  </PAMRasterBand>
</PAMDataset>
