<PAMDataset>
  <Metadata>
    <MDI key="DataType">Generic</MDI>
  </Metadata>
  <Metadata domain="Esri">
    <MDI key="PyramidResamplingType">NEAREST</MDI>
  </Metadata>
  <PAMRasterBand band="1">
    <Histograms>
      <HistItem>
        <HistMin>-0.5</HistMin>
        <HistMax>19.5</HistMax>
        <BucketCount>20</BucketCount>
        <IncludeOutOfRange>1</IncludeOutOfRange>
        <Approximate>0</Approximate>
        <HistCounts>0|304|501|384|158|26|108|901|984|1883|726|66|0|491|24|83|66|123|42|42</HistCounts>
      </HistItem>
    </Histograms>
    <GDALRasterAttributeTable>
      <FieldDefn index="0">
        <Name>Rowid</Name>
        <Type>0</Type>
        <Usage>0</Usage>
      </FieldDefn>
      <FieldDefn index="1">
        <Name>VALUE</Name>
        <Type>0</Type>
        <Usage>0</Usage>
      </FieldDefn>
      <FieldDefn index="2">
        <Name>COUNT</Name>
        <Type>0</Type>
        <Usage>0</Usage>
      </FieldDefn>
      <Row index="0">
        <F>0</F>
        <F>1</F>
        <F>304</F>
      </Row>
      <Row index="1">
        <F>1</F>
        <F>2</F>
        <F>501</F>
      </Row>
      <Row index="2">
        <F>2</F>
        <F>3</F>
        <F>384</F>
      </Row>
      <Row index="3">
        <F>3</F>
        <F>4</F>
        <F>158</F>
      </Row>
      <Row index="4">
        <F>4</F>
        <F>5</F>
        <F>26</F>
      </Row>
      <Row index="5">
        <F>5</F>
        <F>6</F>
        <F>108</F>
      </Row>
      <Row index="6">
        <F>6</F>
        <F>7</F>
        <F>901</F>
      </Row>
      <Row index="7">
        <F>7</F>
        <F>8</F>
        <F>984</F>
      </Row>
      <Row index="8">
        <F>8</F>
        <F>9</F>
        <F>1883</F>
      </Row>
      <Row index="9">
        <F>9</F>
        <F>10</F>
        <F>726</F>
      </Row>
      <Row index="10">
        <F>10</F>
        <F>11</F>
        <F>66</F>
      </Row>
      <Row index="11">
        <F>11</F>
        <F>13</F>
        <F>491</F>
      </Row>
      <Row index="12">
        <F>12</F>
        <F>14</F>
        <F>24</F>
      </Row>
      <Row index="13">
        <F>13</F>
        <F>15</F>
        <F>83</F>
      </Row>
      <Row index="14">
        <F>14</F>
        <F>16</F>
        <F>66</F>
      </Row>
      <Row index="15">
        <F>15</F>
        <F>17</F>
        <F>123</F>
      </Row>
      <Row index="16">
        <F>16</F>
        <F>18</F>
        <F>42</F>
      </Row>
      <Row index="17">
        <F>17</F>
        <F>19</F>
        <F>42</F>
      </Row>
    </GDALRasterAttributeTable>
    <Metadata>
      <MDI key="STATISTICS_MINIMUM">1</MDI>
      <MDI key="STATISTICS_MAXIMUM">19</MDI>
      <MDI key="STATISTICS_MEAN">8.0504918981481</MDI>
      <MDI key="STATISTICS_STDDEV">3.6617467528419</MDI>
      <MDI key="STATISTICS_COVARIANCES">13.4083892819485</MDI>
    </Metadata>
  </PAMRasterBand>
</PAMDataset>
