<PAMDataset>
  <Metadata>
    <MDI key="DataType">Generic</MDI>
  </Metadata>
  <Metadata domain="Esri">
    <MDI key="PyramidResamplingType">NEAREST</MDI>
  </Metadata>
  <PAMRasterBand band="1">
    <Histograms>
      <HistItem>
        <HistMin>-0.5</HistMin>
        <HistMax>19.5</HistMax>
        <BucketCount>20</BucketCount>
        <IncludeOutOfRange>1</IncludeOutOfRange>
        <Approximate>0</Approximate>
        <HistCounts>0|3432|5517|4315|1714|273|1145|10120|10987|21090|8038|683|0|5435|272|974|738|1245|462|424</HistCounts>
      </HistItem>
    </Histograms>
    <GDALRasterAttributeTable>
      <FieldDefn index="0">
        <Name>Rowid</Name>
        <Type>0</Type>
        <Usage>0</Usage>
      </FieldDefn>
      <FieldDefn index="1">
        <Name>VALUE</Name>
        <Type>0</Type>
        <Usage>0</Usage>
      </FieldDefn>
      <FieldDefn index="2">
        <Name>COUNT</Name>
        <Type>0</Type>
        <Usage>0</Usage>
      </FieldDefn>
      <Row index="0">
        <F>0</F>
        <F>1</F>
        <F>3432</F>
      </Row>
      <Row index="1">
        <F>1</F>
        <F>2</F>
        <F>5517</F>
      </Row>
      <Row index="2">
        <F>2</F>
        <F>3</F>
        <F>4315</F>
      </Row>
      <Row index="3">
        <F>3</F>
        <F>4</F>
        <F>1714</F>
      </Row>
      <Row index="4">
        <F>4</F>
        <F>5</F>
        <F>273</F>
      </Row>
      <Row index="5">
        <F>5</F>
        <F>6</F>
        <F>1145</F>
      </Row>
      <Row index="6">
        <F>6</F>
        <F>7</F>
        <F>10120</F>
      </Row>
      <Row index="7">
        <F>7</F>
        <F>8</F>
        <F>10987</F>
      </Row>
      <Row index="8">
        <F>8</F>
        <F>9</F>
        <F>21090</F>
      </Row>
      <Row index="9">
        <F>9</F>
        <F>10</F>
        <F>8038</F>
      </Row>
      <Row index="10">
        <F>10</F>
        <F>11</F>
        <F>683</F>
      </Row>
      <Row index="11">
        <F>11</F>
        <F>13</F>
        <F>5435</F>
      </Row>
      <Row index="12">
        <F>12</F>
        <F>14</F>
        <F>272</F>
      </Row>
      <Row index="13">
        <F>13</F>
        <F>15</F>
        <F>974</F>
      </Row>
      <Row index="14">
        <F>14</F>
        <F>16</F>
        <F>738</F>
      </Row>
      <Row index="15">
        <F>15</F>
        <F>17</F>
        <F>1245</F>
      </Row>
      <Row index="16">
        <F>16</F>
        <F>18</F>
        <F>462</F>
      </Row>
      <Row index="17">
        <F>17</F>
        <F>19</F>
        <F>424</F>
      </Row>
    </GDALRasterAttributeTable>
    <Metadata>
      <MDI key="STATISTICS_MINIMUM">1</MDI>
      <MDI key="STATISTICS_MAXIMUM">19</MDI>
      <MDI key="STATISTICS_MEAN">8.0318354496253</MDI>
      <MDI key="STATISTICS_STDDEV">3.6384218074544</MDI>
      <MDI key="STATISTICS_COVARIANCES">13.2381132489594</MDI>
    </Metadata>
  </PAMRasterBand>
</PAMDataset>
